PUBLISHER,IMPRESSIONS,DATE
247sports.com,544975,2017-04-30
247sports.com,1125190,2017-05-01
247sports.com,667744,2017-05-02
247sports.com,898926,2017-05-03
247sports.com,1327526,2017-05-04
247sports.com,1285043,2017-05-05
247sports.com,2310280,2017-05-06
247sports.com,2750886,2017-05-07
247sports.com,1633514,2017-05-08
247sports.com,4411363,2017-05-09
247sports.com,4462585,2017-05-10
247sports.com,3739671,2017-05-11
247sports.com,4000903,2017-05-12
247sports.com,5445626,2017-05-13
247sports.com,5083876,2017-05-14
247sports.com,4096621,2017-05-15
247sports.com,3548122,2017-05-16
247sports.com,2663929,2017-05-17
247sports.com,3728817,2017-05-18
247sports.com,3992098,2017-05-19
247sports.com,3059879,2017-05-20
247sports.com,2617440,2017-05-21
247sports.com,3371098,2017-05-22
247sports.com,3227154,2017-05-23
247sports.com,2343016,2017-05-24
247sports.com,1713790,2017-05-25
247sports.com,2496111,2017-05-26
247sports.com,3075136,2017-05-27
247sports.com,2346157,2017-05-28
247sports.com,3161719,2017-05-29
247sports.com,3435939,2017-05-30
247sports.com,1768766,2017-05-31
allrecipes.com,8584502,2017-04-30
allrecipes.com,17093079,2017-05-01
allrecipes.com,5086277,2017-05-02
allrecipes.com,7121672,2017-05-03
allrecipes.com,7368260,2017-05-04
allrecipes.com,7645568,2017-05-05
allrecipes.com,7558871,2017-05-06
allrecipes.com,7809961,2017-05-07
allrecipes.com,7628259,2017-05-08
allrecipes.com,6314092,2017-05-09
allrecipes.com,6306049,2017-05-10
allrecipes.com,5869681,2017-05-11
allrecipes.com,6420756,2017-05-12
allrecipes.com,7473591,2017-05-13
allrecipes.com,7204706,2017-05-14
allrecipes.com,6498754,2017-05-15
allrecipes.com,5485998,2017-05-16
allrecipes.com,5919705,2017-05-17
allrecipes.com,5870173,2017-05-18
allrecipes.com,5719373,2017-05-19
allrecipes.com,5742788,2017-05-20
allrecipes.com,7375347,2017-05-21
allrecipes.com,6049844,2017-05-22
allrecipes.com,5932641,2017-05-23
allrecipes.com,5687097,2017-05-24
allrecipes.com,5088904,2017-05-25
allrecipes.com,5403353,2017-05-26
allrecipes.com,7003880,2017-05-27
allrecipes.com,6700753,2017-05-28
allrecipes.com,6589765,2017-05-29
allrecipes.com,3671852,2017-05-30
allrecipes.com,2397036,2017-05-31
elitedaily.com,843007,2017-04-30
elitedaily.com,1509135,2017-05-01
elitedaily.com,864602,2017-05-02
elitedaily.com,1327651,2017-05-03
elitedaily.com,5861274,2017-05-04
elitedaily.com,6869458,2017-05-05
elitedaily.com,8385449,2017-05-06
elitedaily.com,11149582,2017-05-07
elitedaily.com,8190920,2017-05-08
elitedaily.com,7284734,2017-05-09
elitedaily.com,3551870,2017-05-10
elitedaily.com,2632794,2017-05-11
elitedaily.com,993922,2017-05-12
elitedaily.com,1655857,2017-05-13
elitedaily.com,1692187,2017-05-14
elitedaily.com,2180298,2017-05-15
elitedaily.com,4597476,2017-05-16
elitedaily.com,2902368,2017-05-17
elitedaily.com,3718667,2017-05-18
elitedaily.com,1279479,2017-05-19
elitedaily.com,3362783,2017-05-20
elitedaily.com,4627267,2017-05-21
elitedaily.com,9668825,2017-05-22
elitedaily.com,8371461,2017-05-23
elitedaily.com,6024474,2017-05-24
elitedaily.com,3846325,2017-05-25
elitedaily.com,3659467,2017-05-26
elitedaily.com,3776611,2017-05-27
elitedaily.com,4863580,2017-05-28
elitedaily.com,4367887,2017-05-29
elitedaily.com,5142517,2017-05-30
elitedaily.com,2243900,2017-05-31
littlethings.com,1076429,2017-04-30
littlethings.com,4004875,2017-05-01
littlethings.com,4579891,2017-05-02
littlethings.com,7803303,2017-05-03
littlethings.com,6475233,2017-05-04
littlethings.com,8145347,2017-05-05
littlethings.com,7646919,2017-05-06
littlethings.com,5423453,2017-05-07
littlethings.com,7066292,2017-05-08
littlethings.com,8884487,2017-05-09
littlethings.com,8197761,2017-05-10
littlethings.com,11756769,2017-05-11
littlethings.com,9386345,2017-05-12
littlethings.com,8526294,2017-05-13
littlethings.com,7600037,2017-05-14
littlethings.com,13987936,2017-05-15
littlethings.com,13591599,2017-05-16
littlethings.com,7375908,2017-05-17
littlethings.com,6908030,2017-05-18
littlethings.com,8123586,2017-05-19
littlethings.com,8823753,2017-05-20
littlethings.com,7270334,2017-05-21
littlethings.com,9974248,2017-05-22
littlethings.com,10074954,2017-05-23
littlethings.com,6871134,2017-05-24
littlethings.com,6491132,2017-05-25
littlethings.com,5120400,2017-05-26
littlethings.com,3836284,2017-05-27
littlethings.com,4905787,2017-05-28
littlethings.com,4550895,2017-05-29
littlethings.com,6040947,2017-05-30
littlethings.com,4544515,2017-05-31
m.eonline.com,2854290,2017-04-30
m.eonline.com,7100177,2017-05-01
m.eonline.com,8889215,2017-05-02
m.eonline.com,12298082,2017-05-03
m.eonline.com,17837300,2017-05-04
m.eonline.com,14669100,2017-05-05
m.eonline.com,12376713,2017-05-06
m.eonline.com,16092232,2017-05-07
m.eonline.com,15367826,2017-05-08
m.eonline.com,31188042,2017-05-09
m.eonline.com,18626368,2017-05-10
m.eonline.com,16704646,2017-05-11
m.eonline.com,16309465,2017-05-12
m.eonline.com,14484166,2017-05-13
m.eonline.com,12679378,2017-05-14
m.eonline.com,19807480,2017-05-15
m.eonline.com,18755166,2017-05-16
m.eonline.com,18622008,2017-05-17
m.eonline.com,17407190,2017-05-18
m.eonline.com,15847256,2017-05-19
m.eonline.com,11689929,2017-05-20
m.eonline.com,20452891,2017-05-21
m.eonline.com,14596344,2017-05-22
m.eonline.com,15733623,2017-05-23
m.eonline.com,16506953,2017-05-24
m.eonline.com,12903966,2017-05-25
m.eonline.com,12934187,2017-05-26
m.eonline.com,10758758,2017-05-27
m.eonline.com,10054951,2017-05-28
m.eonline.com,14613147,2017-05-29
m.eonline.com,15627942,2017-05-30
m.eonline.com,8348276,2017-05-31
nameberry.com,831032,2017-04-30
nameberry.com,1733303,2017-05-01
nameberry.com,1799689,2017-05-02
nameberry.com,2339875,2017-05-03
nameberry.com,2627561,2017-05-04
nameberry.com,2556880,2017-05-05
nameberry.com,2891590,2017-05-06
nameberry.com,3122105,2017-05-07
nameberry.com,2589325,2017-05-08
nameberry.com,2623891,2017-05-09
nameberry.com,2625648,2017-05-10
nameberry.com,2407605,2017-05-11
nameberry.com,2444426,2017-05-12
nameberry.com,2708594,2017-05-13
nameberry.com,2814423,2017-05-14
nameberry.com,2342888,2017-05-15
nameberry.com,2213136,2017-05-16
nameberry.com,965126,2017-05-17
nameberry.com,670542,2017-05-18
nameberry.com,1662813,2017-05-19
nameberry.com,2184357,2017-05-20
nameberry.com,2257528,2017-05-21
nameberry.com,1864536,2017-05-22
nameberry.com,1890302,2017-05-23
nameberry.com,1941686,2017-05-24
nameberry.com,1793935,2017-05-25
nameberry.com,1768346,2017-05-26
nameberry.com,1979567,2017-05-27
nameberry.com,1976033,2017-05-28
nameberry.com,2012209,2017-05-29
nameberry.com,1872302,2017-05-30
nameberry.com,1028373,2017-05-31
nypost.com,2393271,2017-04-30
nypost.com,5866979,2017-05-01
nypost.com,5656731,2017-05-02
nypost.com,7843324,2017-05-03
nypost.com,7860424,2017-05-04
nypost.com,8005705,2017-05-05
nypost.com,7940020,2017-05-06
nypost.com,8100864,2017-05-07
nypost.com,8058140,2017-05-08
nypost.com,8180466,2017-05-09
nypost.com,7819035,2017-05-10
nypost.com,7510202,2017-05-11
nypost.com,7471931,2017-05-12
nypost.com,7647723,2017-05-13
nypost.com,7744672,2017-05-14
nypost.com,7426695,2017-05-15
nypost.com,7236973,2017-05-16
nypost.com,7631460,2017-05-17
nypost.com,8028242,2017-05-18
nypost.com,7611061,2017-05-19
nypost.com,7410770,2017-05-20
nypost.com,7487580,2017-05-21
nypost.com,7670538,2017-05-22
nypost.com,7721188,2017-05-23
nypost.com,7478401,2017-05-24
nypost.com,9649337,2017-05-25
nypost.com,9023257,2017-05-26
nypost.com,8783812,2017-05-27
nypost.com,9106031,2017-05-28
nypost.com,9865445,2017-05-29
nypost.com,9667130,2017-05-30
nypost.com,7192680,2017-05-31
people.com,4933456,2017-04-30
people.com,17327227,2017-05-01
people.com,22053773,2017-05-02
people.com,27441651,2017-05-03
people.com,15242621,2017-05-04
people.com,13578716,2017-05-05
people.com,13664453,2017-05-06
people.com,20939086,2017-05-07
people.com,30151367,2017-05-08
people.com,26804241,2017-05-09
people.com,20820739,2017-05-10
people.com,20596976,2017-05-11
people.com,14015290,2017-05-12
people.com,11366844,2017-05-13
people.com,10402359,2017-05-14
people.com,25812861,2017-05-15
people.com,14078936,2017-05-16
people.com,18273015,2017-05-17
people.com,10677548,2017-05-18
people.com,19982509,2017-05-19
people.com,28757917,2017-05-20
people.com,18760206,2017-05-21
people.com,20570074,2017-05-22
people.com,31193410,2017-05-23
people.com,15596546,2017-05-24
people.com,14538808,2017-05-25
people.com,8044312,2017-05-26
people.com,7515487,2017-05-27
people.com,7896956,2017-05-28
people.com,15698226,2017-05-29
people.com,19697693,2017-05-30
people.com,7242080,2017-05-31
time.com,769829,2017-04-30
time.com,1622468,2017-05-01
time.com,1458354,2017-05-02
time.com,1825811,2017-05-03
time.com,6187589,2017-05-04
time.com,7778143,2017-05-05
time.com,2444563,2017-05-06
time.com,1881295,2017-05-07
time.com,1908234,2017-05-08
time.com,2277347,2017-05-09
time.com,2318779,2017-05-10
time.com,2683020,2017-05-11
time.com,1833996,2017-05-12
time.com,1360390,2017-05-13
time.com,1200723,2017-05-14
time.com,2267914,2017-05-15
time.com,1515860,2017-05-16
time.com,1752531,2017-05-17
time.com,2112591,2017-05-18
time.com,2483323,2017-05-19
time.com,2006839,2017-05-20
time.com,1550361,2017-05-21
time.com,1747184,2017-05-22
time.com,2456557,2017-05-23
time.com,1581269,2017-05-24
time.com,1070352,2017-05-25
time.com,601338,2017-05-26
time.com,739809,2017-05-27
time.com,944963,2017-05-28
time.com,955664,2017-05-29
time.com,785604,2017-05-30
time.com,432834,2017-05-31
www.90min.com,228614,2017-04-30
www.90min.com,594654,2017-05-01
www.90min.com,640113,2017-05-02
www.90min.com,745000,2017-05-03
www.90min.com,728423,2017-05-04
www.90min.com,481919,2017-05-05
www.90min.com,758574,2017-05-06
www.90min.com,876237,2017-05-07
www.90min.com,789205,2017-05-08
www.90min.com,922932,2017-05-09
www.90min.com,797997,2017-05-10
www.90min.com,1251570,2017-05-11
www.90min.com,1258577,2017-05-12
www.90min.com,3575267,2017-05-13
www.90min.com,3646534,2017-05-14
www.90min.com,2036905,2017-05-15
www.90min.com,3103756,2017-05-16
www.90min.com,5005953,2017-05-17
www.90min.com,5507444,2017-05-18
www.90min.com,4831106,2017-05-19
www.90min.com,7004233,2017-05-20
www.90min.com,7508416,2017-05-21
www.90min.com,3862302,2017-05-22
www.90min.com,7126567,2017-05-23
www.90min.com,6514709,2017-05-24
www.90min.com,6697444,2017-05-25
www.90min.com,5380711,2017-05-26
www.90min.com,8457015,2017-05-27
www.90min.com,9322482,2017-05-28
www.90min.com,6706018,2017-05-29
www.90min.com,7636418,2017-05-30
www.90min.com,4980803,2017-05-31
www.askmen.com,2230501,2017-04-30
www.askmen.com,734566,2017-05-01
www.askmen.com,832206,2017-05-02
www.askmen.com,587866,2017-05-03
www.askmen.com,2273243,2017-05-04
www.askmen.com,1461199,2017-05-05
www.askmen.com,1450221,2017-05-06
www.askmen.com,1397639,2017-05-07
www.askmen.com,1382037,2017-05-08
www.askmen.com,1601750,2017-05-09
www.askmen.com,3234400,2017-05-10
www.askmen.com,3540330,2017-05-11
www.askmen.com,5010653,2017-05-12
www.askmen.com,5214441,2017-05-13
www.askmen.com,5449052,2017-05-14
www.askmen.com,4978272,2017-05-15
www.askmen.com,3920407,2017-05-16
www.askmen.com,5588498,2017-05-17
www.askmen.com,5665111,2017-05-18
www.askmen.com,5381843,2017-05-19
www.askmen.com,5691935,2017-05-20
www.askmen.com,5823725,2017-05-21
www.askmen.com,4829299,2017-05-22
www.askmen.com,4883344,2017-05-23
www.askmen.com,4831883,2017-05-24
www.askmen.com,4884657,2017-05-25
www.askmen.com,4740134,2017-05-26
www.askmen.com,5064929,2017-05-27
www.askmen.com,5069578,2017-05-28
www.askmen.com,4446738,2017-05-29
www.askmen.com,1253259,2017-05-30
www.askmen.com,230,2017-05-31
www.cbsnews.com,1290451,2017-04-30
www.cbsnews.com,1809564,2017-05-01
www.cbsnews.com,1406122,2017-05-02
www.cbsnews.com,1419999,2017-05-03
www.cbsnews.com,2664651,2017-05-04
www.cbsnews.com,6478438,2017-05-05
www.cbsnews.com,6029290,2017-05-06
www.cbsnews.com,5709766,2017-05-07
www.cbsnews.com,6417411,2017-05-08
www.cbsnews.com,5551294,2017-05-09
www.cbsnews.com,3385537,2017-05-10
www.cbsnews.com,3824405,2017-05-11
www.cbsnews.com,3057616,2017-05-12
www.cbsnews.com,2586307,2017-05-13
www.cbsnews.com,2250247,2017-05-14
www.cbsnews.com,2845276,2017-05-15
www.cbsnews.com,3509058,2017-05-16
www.cbsnews.com,3634005,2017-05-17
www.cbsnews.com,3555278,2017-05-18
www.cbsnews.com,5414443,2017-05-19
www.cbsnews.com,4959283,2017-05-20
www.cbsnews.com,4193912,2017-05-21
www.cbsnews.com,4860615,2017-05-22
www.cbsnews.com,4526208,2017-05-23
www.cbsnews.com,5266720,2017-05-24
www.cbsnews.com,6517675,2017-05-25
www.cbsnews.com,5808709,2017-05-26
www.cbsnews.com,6318296,2017-05-27
www.cbsnews.com,5731619,2017-05-28
www.cbsnews.com,6908885,2017-05-29
www.cbsnews.com,4079524,2017-05-30
www.cbsnews.com,2128880,2017-05-31
www.cbssports.com,1645973,2017-04-30
www.cbssports.com,1826938,2017-05-01
www.cbssports.com,1093714,2017-05-02
www.cbssports.com,1382136,2017-05-03
www.cbssports.com,2091950,2017-05-04
www.cbssports.com,1014494,2017-05-05
www.cbssports.com,7969218,2017-05-06
www.cbssports.com,5049116,2017-05-07
www.cbssports.com,405337,2017-05-08
www.cbssports.com,4177691,2017-05-09
www.cbssports.com,3637061,2017-05-10
www.cbssports.com,96419,2017-05-11
www.cbssports.com,439631,2017-05-12
www.cbssports.com,3914003,2017-05-13
www.cbssports.com,4719454,2017-05-14
www.cbssports.com,3816830,2017-05-15
www.cbssports.com,4811463,2017-05-16
www.cbssports.com,2034696,2017-05-17
www.cbssports.com,346881,2017-05-18
www.cbssports.com,2043414,2017-05-19
www.cbssports.com,4836501,2017-05-20
www.cbssports.com,875337,2017-05-21
www.cbssports.com,3941303,2017-05-22
www.cbssports.com,3094009,2017-05-23
www.cbssports.com,40654,2017-05-24
www.cbssports.com,466552,2017-05-25
www.cbssports.com,278612,2017-05-26
www.cbssports.com,3010973,2017-05-27
www.cbssports.com,1266,2017-05-28
www.cbssports.com,244750,2017-05-29
www.cbssports.com,2998300,2017-05-30
www.cbssports.com,1164,2017-05-31
www.chowhound.com,459278,2017-04-30
www.chowhound.com,1171090,2017-05-01
www.chowhound.com,997852,2017-05-02
www.chowhound.com,1311341,2017-05-03
www.chowhound.com,1354456,2017-05-04
www.chowhound.com,1392223,2017-05-05
www.chowhound.com,1670652,2017-05-06
www.chowhound.com,1835297,2017-05-07
www.chowhound.com,1434521,2017-05-08
www.chowhound.com,1416382,2017-05-09
www.chowhound.com,1321475,2017-05-10
www.chowhound.com,1342291,2017-05-11
www.chowhound.com,1387736,2017-05-12
www.chowhound.com,1857563,2017-05-13
www.chowhound.com,1746781,2017-05-14
www.chowhound.com,1306928,2017-05-15
www.chowhound.com,2086036,2017-05-16
www.chowhound.com,2210419,2017-05-17
www.chowhound.com,2192385,2017-05-18
www.chowhound.com,2603112,2017-05-19
www.chowhound.com,3222960,2017-05-20
www.chowhound.com,3268470,2017-05-21
www.chowhound.com,3089960,2017-05-22
www.chowhound.com,3185923,2017-05-23
www.chowhound.com,3353678,2017-05-24
www.chowhound.com,4083745,2017-05-25
www.chowhound.com,3193162,2017-05-26
www.chowhound.com,3594653,2017-05-27
www.chowhound.com,4101998,2017-05-28
www.chowhound.com,4489174,2017-05-29
www.chowhound.com,3457612,2017-05-30
www.chowhound.com,2527078,2017-05-31
www.closerweekly.com,530296,2017-04-30
www.closerweekly.com,1108219,2017-05-01
www.closerweekly.com,942172,2017-05-02
www.closerweekly.com,1916723,2017-05-03
www.closerweekly.com,1490849,2017-05-04
www.closerweekly.com,2609256,2017-05-05
www.closerweekly.com,2973076,2017-05-06
www.closerweekly.com,4087898,2017-05-07
www.closerweekly.com,3445976,2017-05-08
www.closerweekly.com,3452493,2017-05-09
www.closerweekly.com,2869462,2017-05-10
www.closerweekly.com,2503870,2017-05-11
www.closerweekly.com,2154023,2017-05-12
www.closerweekly.com,2195065,2017-05-13
www.closerweekly.com,1902381,2017-05-14
www.closerweekly.com,1834271,2017-05-15
www.closerweekly.com,2156606,2017-05-16
www.closerweekly.com,2022668,2017-05-17
www.closerweekly.com,2594724,2017-05-18
www.closerweekly.com,8032495,2017-05-19
www.closerweekly.com,2114407,2017-05-20
www.closerweekly.com,3774942,2017-05-21
www.closerweekly.com,2319395,2017-05-22
www.closerweekly.com,1609996,2017-05-23
www.closerweekly.com,1495130,2017-05-24
www.closerweekly.com,1411277,2017-05-25
www.closerweekly.com,1682157,2017-05-26
www.closerweekly.com,1754067,2017-05-27
www.closerweekly.com,1547869,2017-05-28
www.closerweekly.com,1243523,2017-05-29
www.closerweekly.com,842239,2017-05-30
www.closerweekly.com,484495,2017-05-31
www.cnbc.com,1711873,2017-04-30
www.cnbc.com,5768563,2017-05-01
www.cnbc.com,5764411,2017-05-02
www.cnbc.com,7742309,2017-05-03
www.cnbc.com,9625958,2017-05-04
www.cnbc.com,5559262,2017-05-05
www.cnbc.com,1256210,2017-05-06
www.cnbc.com,2283207,2017-05-07
www.cnbc.com,6499574,2017-05-08
www.cnbc.com,6283395,2017-05-09
www.cnbc.com,6973683,2017-05-10
www.cnbc.com,5325406,2017-05-11
www.cnbc.com,4116712,2017-05-12
www.cnbc.com,1149705,2017-05-13
www.cnbc.com,1618859,2017-05-14
www.cnbc.com,5129621,2017-05-15
www.cnbc.com,4114166,2017-05-16
www.cnbc.com,7653098,2017-05-17
www.cnbc.com,7935953,2017-05-18
www.cnbc.com,5426102,2017-05-19
www.cnbc.com,3640308,2017-05-20
www.cnbc.com,2193513,2017-05-21
www.cnbc.com,6201737,2017-05-22
www.cnbc.com,4856018,2017-05-23
www.cnbc.com,5219748,2017-05-24
www.cnbc.com,6068095,2017-05-25
www.cnbc.com,3105373,2017-05-26
www.cnbc.com,1196859,2017-05-27
www.cnbc.com,1454990,2017-05-28
www.cnbc.com,2611563,2017-05-29
www.cnbc.com,5353503,2017-05-30
www.cnbc.com,3498306,2017-05-31
www.cnn.com,4499918,2017-04-30
www.cnn.com,16974986,2017-05-01
www.cnn.com,12089456,2017-05-02
www.cnn.com,17448454,2017-05-03
www.cnn.com,18934064,2017-05-04
www.cnn.com,20311187,2017-05-05
www.cnn.com,19709106,2017-05-06
www.cnn.com,18764162,2017-05-07
www.cnn.com,24369725,2017-05-08
www.cnn.com,28133205,2017-05-09
www.cnn.com,35169029,2017-05-10
www.cnn.com,33236293,2017-05-11
www.cnn.com,36703458,2017-05-12
www.cnn.com,31256938,2017-05-13
www.cnn.com,29824831,2017-05-14
www.cnn.com,31414462,2017-05-15
www.cnn.com,30406684,2017-05-16
www.cnn.com,38976254,2017-05-17
www.cnn.com,39382048,2017-05-18
www.cnn.com,48996965,2017-05-19
www.cnn.com,48881321,2017-05-20
www.cnn.com,35059323,2017-05-21
www.cnn.com,40403982,2017-05-22
www.cnn.com,36979751,2017-05-23
www.cnn.com,36876730,2017-05-24
www.cnn.com,48432557,2017-05-25
www.cnn.com,44194235,2017-05-26
www.cnn.com,34979226,2017-05-27
www.cnn.com,39986617,2017-05-28
www.cnn.com,43374549,2017-05-29
www.cnn.com,30765156,2017-05-30
www.cnn.com,18456664,2017-05-31
www.complex.com,840163,2017-04-30
www.complex.com,3645256,2017-05-01
www.complex.com,3094500,2017-05-02
www.complex.com,1261706,2017-05-03
www.complex.com,956751,2017-05-04
www.complex.com,1341360,2017-05-05
www.complex.com,3382858,2017-05-06
www.complex.com,3890695,2017-05-07
www.complex.com,1208708,2017-05-08
www.complex.com,2507566,2017-05-09
www.complex.com,2565695,2017-05-10
www.complex.com,617188,2017-05-11
www.complex.com,1381199,2017-05-12
www.complex.com,1043642,2017-05-13
www.complex.com,1455598,2017-05-14
www.complex.com,1503607,2017-05-15
www.complex.com,1833238,2017-05-16
www.complex.com,2343122,2017-05-17
www.complex.com,594874,2017-05-18
www.complex.com,279770,2017-05-19
www.complex.com,1316612,2017-05-20
www.complex.com,2781644,2017-05-21
www.complex.com,2205392,2017-05-22
www.complex.com,983996,2017-05-23
www.complex.com,1858349,2017-05-24
www.complex.com,3161223,2017-05-25
www.complex.com,912145,2017-05-26
www.complex.com,1132582,2017-05-27
www.complex.com,2006749,2017-05-28
www.complex.com,2146345,2017-05-29
www.complex.com,4072568,2017-05-30
www.complex.com,1933735,2017-05-31
www.cracked.com,808908,2017-04-30
www.cracked.com,1991177,2017-05-01
www.cracked.com,2013391,2017-05-02
www.cracked.com,2216542,2017-05-03
www.cracked.com,2055857,2017-05-04
www.cracked.com,2085176,2017-05-05
www.cracked.com,2726723,2017-05-06
www.cracked.com,2729145,2017-05-07
www.cracked.com,2549783,2017-05-08
www.cracked.com,2153511,2017-05-09
www.cracked.com,1915379,2017-05-10
www.cracked.com,2224771,2017-05-11
www.cracked.com,1952833,2017-05-12
www.cracked.com,1979752,2017-05-13
www.cracked.com,2381094,2017-05-14
www.cracked.com,2083544,2017-05-15
www.cracked.com,2033167,2017-05-16
www.cracked.com,2064112,2017-05-17
www.cracked.com,2009259,2017-05-18
www.cracked.com,1865570,2017-05-19
www.cracked.com,2266618,2017-05-20
www.cracked.com,2433366,2017-05-21
www.cracked.com,2318041,2017-05-22
www.cracked.com,2191540,2017-05-23
www.cracked.com,1992091,2017-05-24
www.cracked.com,1977555,2017-05-25
www.cracked.com,1886490,2017-05-26
www.cracked.com,2285618,2017-05-27
www.cracked.com,2326417,2017-05-28
www.cracked.com,2266789,2017-05-29
www.cracked.com,1862996,2017-05-30
www.cracked.com,601543,2017-05-31
www.dailymail.co.uk,6894958,2017-04-30
www.dailymail.co.uk,10035236,2017-05-01
www.dailymail.co.uk,9397497,2017-05-02
www.dailymail.co.uk,16684860,2017-05-03
www.dailymail.co.uk,12267782,2017-05-04
www.dailymail.co.uk,17686783,2017-05-05
www.dailymail.co.uk,16656018,2017-05-06
www.dailymail.co.uk,19610855,2017-05-07
www.dailymail.co.uk,20493335,2017-05-08
www.dailymail.co.uk,22819502,2017-05-09
www.dailymail.co.uk,23439868,2017-05-10
www.dailymail.co.uk,9564218,2017-05-11
www.dailymail.co.uk,28121685,2017-05-12
www.dailymail.co.uk,26379303,2017-05-13
www.dailymail.co.uk,26435632,2017-05-14
www.dailymail.co.uk,31429439,2017-05-15
www.dailymail.co.uk,17332230,2017-05-16
www.dailymail.co.uk,31444269,2017-05-17
www.dailymail.co.uk,24949765,2017-05-18
www.dailymail.co.uk,30381780,2017-05-19
www.dailymail.co.uk,35508567,2017-05-20
www.dailymail.co.uk,33718270,2017-05-21
www.dailymail.co.uk,36202887,2017-05-22
www.dailymail.co.uk,40426551,2017-05-23
www.dailymail.co.uk,28661019,2017-05-24
www.dailymail.co.uk,30059833,2017-05-25
www.dailymail.co.uk,24928935,2017-05-26
www.dailymail.co.uk,24217427,2017-05-27
www.dailymail.co.uk,27246891,2017-05-28
www.dailymail.co.uk,36782944,2017-05-29
www.dailymail.co.uk,22488700,2017-05-30
www.dailymail.co.uk,10101601,2017-05-31
www.diynetwork.com,1433744,2017-04-30
www.diynetwork.com,7031734,2017-05-01
www.diynetwork.com,5823297,2017-05-02
www.diynetwork.com,7708081,2017-05-03
www.diynetwork.com,6982385,2017-05-04
www.diynetwork.com,6798304,2017-05-05
www.diynetwork.com,8015342,2017-05-06
www.diynetwork.com,8582591,2017-05-07
www.diynetwork.com,7798944,2017-05-08
www.diynetwork.com,7054039,2017-05-09
www.diynetwork.com,7385600,2017-05-10
www.diynetwork.com,7374534,2017-05-11
www.diynetwork.com,6854299,2017-05-12
www.diynetwork.com,9081399,2017-05-13
www.diynetwork.com,8001493,2017-05-14
www.diynetwork.com,9624703,2017-05-15
www.diynetwork.com,9620484,2017-05-16
www.diynetwork.com,9504330,2017-05-17
www.diynetwork.com,8076696,2017-05-18
www.diynetwork.com,7988733,2017-05-19
www.diynetwork.com,9025634,2017-05-20
www.diynetwork.com,9664686,2017-05-21
www.diynetwork.com,7608449,2017-05-22
www.diynetwork.com,8085680,2017-05-23
www.diynetwork.com,8101097,2017-05-24
www.diynetwork.com,7079582,2017-05-25
www.diynetwork.com,7118828,2017-05-26
www.diynetwork.com,8874054,2017-05-27
www.diynetwork.com,11229979,2017-05-28
www.diynetwork.com,13707909,2017-05-29
www.diynetwork.com,13831753,2017-05-30
www.diynetwork.com,10612841,2017-05-31
www.etonline.com,1779774,2017-04-30
www.etonline.com,5856332,2017-05-01
www.etonline.com,5482402,2017-05-02
www.etonline.com,5639539,2017-05-03
www.etonline.com,5702129,2017-05-04
www.etonline.com,4691333,2017-05-05
www.etonline.com,3800504,2017-05-06
www.etonline.com,4402994,2017-05-07
www.etonline.com,6082351,2017-05-08
www.etonline.com,4666406,2017-05-09
www.etonline.com,4496632,2017-05-10
www.etonline.com,5109982,2017-05-11
www.etonline.com,3916002,2017-05-12
www.etonline.com,4281469,2017-05-13
www.etonline.com,3621342,2017-05-14
www.etonline.com,13592195,2017-05-15
www.etonline.com,4651957,2017-05-16
www.etonline.com,3678096,2017-05-17
www.etonline.com,4159680,2017-05-18
www.etonline.com,4150863,2017-05-19
www.etonline.com,10527550,2017-05-20
www.etonline.com,6281770,2017-05-21
www.etonline.com,5574679,2017-05-22
www.etonline.com,7301579,2017-05-23
www.etonline.com,5671100,2017-05-24
www.etonline.com,5452957,2017-05-25
www.etonline.com,6232624,2017-05-26
www.etonline.com,5166721,2017-05-27
www.etonline.com,4000340,2017-05-28
www.etonline.com,4153860,2017-05-29
www.etonline.com,6118272,2017-05-30
www.etonline.com,3425599,2017-05-31
www.eurosport.fr,148442,2017-04-30
www.eurosport.fr,361367,2017-05-01
www.eurosport.fr,539927,2017-05-02
www.eurosport.fr,544563,2017-05-03
www.eurosport.fr,707819,2017-05-04
www.eurosport.fr,1044254,2017-05-05
www.eurosport.fr,1139517,2017-05-06
www.eurosport.fr,1122695,2017-05-07
www.eurosport.fr,1035805,2017-05-08
www.eurosport.fr,1060592,2017-05-09
www.eurosport.fr,957109,2017-05-10
www.eurosport.fr,1571235,2017-05-11
www.eurosport.fr,1227818,2017-05-12
www.eurosport.fr,1362978,2017-05-13
www.eurosport.fr,1408447,2017-05-14
www.eurosport.fr,1231221,2017-05-15
www.eurosport.fr,4941621,2017-05-16
www.eurosport.fr,3794407,2017-05-17
www.eurosport.fr,3620984,2017-05-18
www.eurosport.fr,3583423,2017-05-19
www.eurosport.fr,3749847,2017-05-20
www.eurosport.fr,3606052,2017-05-21
www.eurosport.fr,3515301,2017-05-22
www.eurosport.fr,3453436,2017-05-23
www.eurosport.fr,3578441,2017-05-24
www.eurosport.fr,3432129,2017-05-25
www.eurosport.fr,1162581,2017-05-26
www.eurosport.fr,970567,2017-05-27
www.eurosport.fr,894705,2017-05-28
www.eurosport.fr,1030833,2017-05-29
www.eurosport.fr,1330541,2017-05-30
www.eurosport.fr,734954,2017-05-31
www.fhm.com,1320437,2017-04-30
www.fhm.com,4599033,2017-05-01
www.fhm.com,3904528,2017-05-02
www.fhm.com,5584795,2017-05-03
www.fhm.com,4280776,2017-05-04
www.fhm.com,5701320,2017-05-05
www.fhm.com,6893492,2017-05-06
www.fhm.com,8011972,2017-05-07
www.fhm.com,7142062,2017-05-08
www.fhm.com,9281423,2017-05-09
www.fhm.com,10462549,2017-05-10
www.fhm.com,10240412,2017-05-11
www.fhm.com,9063717,2017-05-12
www.fhm.com,8542115,2017-05-13
www.fhm.com,5705113,2017-05-14
www.fhm.com,7240474,2017-05-15
www.fhm.com,5913946,2017-05-16
www.fhm.com,7765752,2017-05-17
www.fhm.com,8546542,2017-05-18
www.fhm.com,9536471,2017-05-19
www.fhm.com,9533520,2017-05-20
www.fhm.com,9920013,2017-05-21
www.fhm.com,11736849,2017-05-22
www.fhm.com,11946849,2017-05-23
www.fhm.com,5341979,2017-05-24
www.fhm.com,4926454,2017-05-25
www.fhm.com,5082,2017-05-26
www.fhm.com,6334810,2017-05-27
www.fhm.com,8736740,2017-05-28
www.fhm.com,9513193,2017-05-29
www.fhm.com,7208059,2017-05-30
www.fhm.com,3081486,2017-05-31
www.firstforwomen.com,1194437,2017-04-30
www.firstforwomen.com,2164311,2017-05-01
www.firstforwomen.com,1966955,2017-05-02
www.firstforwomen.com,3424730,2017-05-03
www.firstforwomen.com,3730344,2017-05-04
www.firstforwomen.com,8620039,2017-05-05
www.firstforwomen.com,12009352,2017-05-06
www.firstforwomen.com,10060265,2017-05-07
www.firstforwomen.com,5740230,2017-05-08
www.firstforwomen.com,5998430,2017-05-09
www.firstforwomen.com,5827567,2017-05-10
www.firstforwomen.com,6196743,2017-05-11
www.firstforwomen.com,6068977,2017-05-12
www.firstforwomen.com,6765686,2017-05-13
www.firstforwomen.com,5828045,2017-05-14
www.firstforwomen.com,5220224,2017-05-15
www.firstforwomen.com,4631833,2017-05-16
www.firstforwomen.com,5539669,2017-05-17
www.firstforwomen.com,5580112,2017-05-18
www.firstforwomen.com,6461265,2017-05-19
www.firstforwomen.com,12826886,2017-05-20
www.firstforwomen.com,17098622,2017-05-21
www.firstforwomen.com,11703113,2017-05-22
www.firstforwomen.com,5757194,2017-05-23
www.firstforwomen.com,5075261,2017-05-24
www.firstforwomen.com,4109936,2017-05-25
www.firstforwomen.com,4268300,2017-05-26
www.firstforwomen.com,3871504,2017-05-27
www.firstforwomen.com,3693258,2017-05-28
www.firstforwomen.com,3782797,2017-05-29
www.firstforwomen.com,1935222,2017-05-30
www.firstforwomen.com,769044,2017-05-31
www.food.com,1281545,2017-04-30
www.food.com,4351906,2017-05-01
www.food.com,3531572,2017-05-02
www.food.com,4192902,2017-05-03
www.food.com,3701021,2017-05-04
www.food.com,4130367,2017-05-05
www.food.com,4981554,2017-05-06
www.food.com,6496882,2017-05-07
www.food.com,4553793,2017-05-08
www.food.com,4548189,2017-05-09
www.food.com,4093805,2017-05-10
www.food.com,4288180,2017-05-11
www.food.com,4572731,2017-05-12
www.food.com,6986123,2017-05-13
www.food.com,7185546,2017-05-14
www.food.com,5454005,2017-05-15
www.food.com,5010581,2017-05-16
www.food.com,4426632,2017-05-17
www.food.com,3927784,2017-05-18
www.food.com,3585029,2017-05-19
www.food.com,4582885,2017-05-20
www.food.com,5390758,2017-05-21
www.food.com,4357661,2017-05-22
www.food.com,4017257,2017-05-23
www.food.com,3876666,2017-05-24
www.food.com,3300085,2017-05-25
www.food.com,2888241,2017-05-26
www.food.com,4625201,2017-05-27
www.food.com,5314014,2017-05-28
www.food.com,5757599,2017-05-29
www.food.com,3696058,2017-05-30
www.food.com,2757523,2017-05-31
www.foodnetwork.com,2447942,2017-04-30
www.foodnetwork.com,6982725,2017-05-01
www.foodnetwork.com,4939742,2017-05-02
www.foodnetwork.com,6048952,2017-05-03
www.foodnetwork.com,5547935,2017-05-04
www.foodnetwork.com,6585854,2017-05-05
www.foodnetwork.com,8600778,2017-05-06
www.foodnetwork.com,11049780,2017-05-07
www.foodnetwork.com,6851393,2017-05-08
www.foodnetwork.com,6279918,2017-05-09
www.foodnetwork.com,6153381,2017-05-10
www.foodnetwork.com,5265283,2017-05-11
www.foodnetwork.com,5540613,2017-05-12
www.foodnetwork.com,8632221,2017-05-13
www.foodnetwork.com,8948892,2017-05-14
www.foodnetwork.com,5570259,2017-05-15
www.foodnetwork.com,5075956,2017-05-16
www.foodnetwork.com,5638533,2017-05-17
www.foodnetwork.com,4967626,2017-05-18
www.foodnetwork.com,5171143,2017-05-19
www.foodnetwork.com,6631902,2017-05-20
www.foodnetwork.com,8347930,2017-05-21
www.foodnetwork.com,5776638,2017-05-22
www.foodnetwork.com,5171998,2017-05-23
www.foodnetwork.com,4849425,2017-05-24
www.foodnetwork.com,4258448,2017-05-25
www.foodnetwork.com,4369048,2017-05-26
www.foodnetwork.com,7128124,2017-05-27
www.foodnetwork.com,8663648,2017-05-28
www.foodnetwork.com,8057719,2017-05-29
www.foodnetwork.com,4579515,2017-05-30
www.foodnetwork.com,3419338,2017-05-31
www.gamefaqs.com,1068449,2017-04-30
www.gamefaqs.com,1002945,2017-05-01
www.gamefaqs.com,2019739,2017-05-02
www.gamefaqs.com,1684447,2017-05-03
www.gamefaqs.com,1886274,2017-05-04
www.gamefaqs.com,2245475,2017-05-05
www.gamefaqs.com,3830936,2017-05-06
www.gamefaqs.com,5736481,2017-05-07
www.gamefaqs.com,4554250,2017-05-08
www.gamefaqs.com,2124442,2017-05-09
www.gamefaqs.com,2746948,2017-05-10
www.gamefaqs.com,5619051,2017-05-11
www.gamefaqs.com,5825879,2017-05-12
www.gamefaqs.com,5416457,2017-05-13
www.gamefaqs.com,5047965,2017-05-14
www.gamefaqs.com,4145491,2017-05-15
www.gamefaqs.com,3712750,2017-05-16
www.gamefaqs.com,6794953,2017-05-17
www.gamefaqs.com,8139372,2017-05-18
www.gamefaqs.com,3910874,2017-05-19
www.gamefaqs.com,10500879,2017-05-20
www.gamefaqs.com,11239774,2017-05-21
www.gamefaqs.com,4393089,2017-05-22
www.gamefaqs.com,8079001,2017-05-23
www.gamefaqs.com,7388043,2017-05-24
www.gamefaqs.com,4529067,2017-05-25
www.gamefaqs.com,5019717,2017-05-26
www.gamefaqs.com,3947498,2017-05-27
www.gamefaqs.com,5418939,2017-05-28
www.gamefaqs.com,10122797,2017-05-29
www.gamefaqs.com,3626711,2017-05-30
www.gamefaqs.com,2142780,2017-05-31
www.gamespot.com,766115,2017-04-30
www.gamespot.com,961253,2017-05-01
www.gamespot.com,714226,2017-05-02
www.gamespot.com,310422,2017-05-03
www.gamespot.com,1040102,2017-05-04
www.gamespot.com,1447504,2017-05-05
www.gamespot.com,1963942,2017-05-06
www.gamespot.com,4339746,2017-05-07
www.gamespot.com,3649143,2017-05-08
www.gamespot.com,1823929,2017-05-09
www.gamespot.com,2203156,2017-05-10
www.gamespot.com,3637142,2017-05-11
www.gamespot.com,2827392,2017-05-12
www.gamespot.com,3167606,2017-05-13
www.gamespot.com,2901440,2017-05-14
www.gamespot.com,2422861,2017-05-15
www.gamespot.com,2086433,2017-05-16
www.gamespot.com,2621687,2017-05-17
www.gamespot.com,3480923,2017-05-18
www.gamespot.com,1860217,2017-05-19
www.gamespot.com,3350699,2017-05-20
www.gamespot.com,3826442,2017-05-21
www.gamespot.com,1745629,2017-05-22
www.gamespot.com,2987730,2017-05-23
www.gamespot.com,3474521,2017-05-24
www.gamespot.com,1665912,2017-05-25
www.gamespot.com,1867030,2017-05-26
www.gamespot.com,1160240,2017-05-27
www.gamespot.com,1501155,2017-05-28
www.gamespot.com,3507618,2017-05-29
www.gamespot.com,1176576,2017-05-30
www.gamespot.com,744431,2017-05-31
www.hgtv.com,2127669,2017-04-30
www.hgtv.com,9564370,2017-05-01
www.hgtv.com,8479993,2017-05-02
www.hgtv.com,10985517,2017-05-03
www.hgtv.com,10133415,2017-05-04
www.hgtv.com,9792542,2017-05-05
www.hgtv.com,11961573,2017-05-06
www.hgtv.com,12849669,2017-05-07
www.hgtv.com,10978707,2017-05-08
www.hgtv.com,10528064,2017-05-09
www.hgtv.com,10339225,2017-05-10
www.hgtv.com,9577354,2017-05-11
www.hgtv.com,8744175,2017-05-12
www.hgtv.com,12331569,2017-05-13
www.hgtv.com,11715564,2017-05-14
www.hgtv.com,11702893,2017-05-15
www.hgtv.com,11810806,2017-05-16
www.hgtv.com,11356258,2017-05-17
www.hgtv.com,9724834,2017-05-18
www.hgtv.com,9885755,2017-05-19
www.hgtv.com,12042933,2017-05-20
www.hgtv.com,12371889,2017-05-21
www.hgtv.com,9099415,2017-05-22
www.hgtv.com,10149486,2017-05-23
www.hgtv.com,9431698,2017-05-24
www.hgtv.com,7751694,2017-05-25
www.hgtv.com,9406605,2017-05-26
www.hgtv.com,10943581,2017-05-27
www.hgtv.com,12883324,2017-05-28
www.hgtv.com,15214617,2017-05-29
www.hgtv.com,16458884,2017-05-30
www.hgtv.com,10824502,2017-05-31
www.independent.co.uk,314461,2017-04-30
www.independent.co.uk,2796428,2017-05-01
www.independent.co.uk,2021651,2017-05-02
www.independent.co.uk,2933178,2017-05-03
www.independent.co.uk,3563229,2017-05-04
www.independent.co.uk,2733999,2017-05-05
www.independent.co.uk,3768251,2017-05-06
www.independent.co.uk,3336185,2017-05-07
www.independent.co.uk,3569581,2017-05-08
www.independent.co.uk,3574601,2017-05-09
www.independent.co.uk,3455381,2017-05-10
www.independent.co.uk,3956928,2017-05-11
www.independent.co.uk,4092213,2017-05-12
www.independent.co.uk,4949083,2017-05-13
www.independent.co.uk,5197169,2017-05-14
www.independent.co.uk,4214810,2017-05-15
www.independent.co.uk,687497,2017-05-16
www.independent.co.uk,497,2017-05-17
www.independent.co.uk,35,2017-05-18
www.independent.co.uk,2195008,2017-05-19
www.independent.co.uk,3810781,2017-05-20
www.independent.co.uk,4008181,2017-05-21
www.independent.co.uk,4175250,2017-05-22
www.independent.co.uk,1647389,2017-05-23
www.independent.co.uk,1210443,2017-05-24
www.independent.co.uk,1087904,2017-05-25
www.independent.co.uk,1560090,2017-05-26
www.independent.co.uk,1780984,2017-05-27
www.independent.co.uk,1760778,2017-05-28
www.independent.co.uk,2064843,2017-05-29
www.independent.co.uk,1541940,2017-05-30
www.independent.co.uk,1866033,2017-05-31
www.intouchweekly.com,3867848,2017-04-30
www.intouchweekly.com,10470887,2017-05-01
www.intouchweekly.com,11905462,2017-05-02
www.intouchweekly.com,13602827,2017-05-03
www.intouchweekly.com,11956834,2017-05-04
www.intouchweekly.com,13763845,2017-05-05
www.intouchweekly.com,19576069,2017-05-06
www.intouchweekly.com,22516743,2017-05-07
www.intouchweekly.com,14967317,2017-05-08
www.intouchweekly.com,17542963,2017-05-09
www.intouchweekly.com,16277371,2017-05-10
www.intouchweekly.com,13674055,2017-05-11
www.intouchweekly.com,11641439,2017-05-12
www.intouchweekly.com,11480807,2017-05-13
www.intouchweekly.com,10950868,2017-05-14
www.intouchweekly.com,12222578,2017-05-15
www.intouchweekly.com,9625636,2017-05-16
www.intouchweekly.com,11960635,2017-05-17
www.intouchweekly.com,12383110,2017-05-18
www.intouchweekly.com,10992688,2017-05-19
www.intouchweekly.com,14679565,2017-05-20
www.intouchweekly.com,14778683,2017-05-21
www.intouchweekly.com,18086442,2017-05-22
www.intouchweekly.com,19527038,2017-05-23
www.intouchweekly.com,20876406,2017-05-24
www.intouchweekly.com,22369173,2017-05-25
www.intouchweekly.com,23150478,2017-05-26
www.intouchweekly.com,24651717,2017-05-27
www.intouchweekly.com,27679272,2017-05-28
www.intouchweekly.com,24673142,2017-05-29
www.intouchweekly.com,16003911,2017-05-30
www.intouchweekly.com,5582349,2017-05-31
www.lifeandstylemag.com,4886477,2017-04-30
www.lifeandstylemag.com,15247887,2017-05-01
www.lifeandstylemag.com,14537645,2017-05-02
www.lifeandstylemag.com,23505470,2017-05-03
www.lifeandstylemag.com,30903728,2017-05-04
www.lifeandstylemag.com,45351374,2017-05-05
www.lifeandstylemag.com,51088131,2017-05-06
www.lifeandstylemag.com,44587957,2017-05-07
www.lifeandstylemag.com,28356852,2017-05-08
www.lifeandstylemag.com,25428404,2017-05-09
www.lifeandstylemag.com,23496250,2017-05-10
www.lifeandstylemag.com,24657010,2017-05-11
www.lifeandstylemag.com,21237464,2017-05-12
www.lifeandstylemag.com,22959784,2017-05-13
www.lifeandstylemag.com,22569187,2017-05-14
www.lifeandstylemag.com,23459152,2017-05-15
www.lifeandstylemag.com,18783125,2017-05-16
www.lifeandstylemag.com,19676295,2017-05-17
www.lifeandstylemag.com,21950552,2017-05-18
www.lifeandstylemag.com,22729161,2017-05-19
www.lifeandstylemag.com,24131999,2017-05-20
www.lifeandstylemag.com,23216702,2017-05-21
www.lifeandstylemag.com,26542874,2017-05-22
www.lifeandstylemag.com,22804525,2017-05-23
www.lifeandstylemag.com,26855375,2017-05-24
www.lifeandstylemag.com,26696613,2017-05-25
www.lifeandstylemag.com,24328726,2017-05-26
www.lifeandstylemag.com,22429866,2017-05-27
www.lifeandstylemag.com,23735798,2017-05-28
www.lifeandstylemag.com,24991099,2017-05-29
www.lifeandstylemag.com,16748782,2017-05-30
www.lifeandstylemag.com,5880960,2017-05-31
www.littlethings.com,3156202,2017-04-30
www.littlethings.com,9261876,2017-05-01
www.littlethings.com,8412178,2017-05-02
www.littlethings.com,16010368,2017-05-03
www.littlethings.com,15242211,2017-05-04
www.littlethings.com,13307305,2017-05-05
www.littlethings.com,14265895,2017-05-06
www.littlethings.com,15127893,2017-05-07
www.littlethings.com,14404102,2017-05-08
www.littlethings.com,14762326,2017-05-09
www.littlethings.com,15199365,2017-05-10
www.littlethings.com,22000295,2017-05-11
www.littlethings.com,20349167,2017-05-12
www.littlethings.com,20141864,2017-05-13
www.littlethings.com,19858362,2017-05-14
www.littlethings.com,26811217,2017-05-15
www.littlethings.com,23050670,2017-05-16
www.littlethings.com,19863823,2017-05-17
www.littlethings.com,32387218,2017-05-18
www.littlethings.com,35144718,2017-05-19
www.littlethings.com,36032362,2017-05-20
www.littlethings.com,36036870,2017-05-21
www.littlethings.com,36107621,2017-05-22
www.littlethings.com,31554543,2017-05-23
www.littlethings.com,26480917,2017-05-24
www.littlethings.com,22481325,2017-05-25
www.littlethings.com,15281940,2017-05-26
www.littlethings.com,15947200,2017-05-27
www.littlethings.com,27887706,2017-05-28
www.littlethings.com,30068933,2017-05-29
www.littlethings.com,21471262,2017-05-30
www.littlethings.com,16508428,2017-05-31
www.livestrong.com,2776607,2017-04-30
www.livestrong.com,6115005,2017-05-01
www.livestrong.com,1968303,2017-05-02
www.livestrong.com,800477,2017-05-03
www.livestrong.com,807808,2017-05-04
www.livestrong.com,811458,2017-05-05
www.livestrong.com,885264,2017-05-06
www.livestrong.com,866717,2017-05-07
www.livestrong.com,815623,2017-05-08
www.livestrong.com,1091017,2017-05-09
www.livestrong.com,1182024,2017-05-10
www.livestrong.com,1204773,2017-05-11
www.livestrong.com,1213463,2017-05-12
www.livestrong.com,1260503,2017-05-13
www.livestrong.com,1258515,2017-05-14
www.livestrong.com,1229118,2017-05-15
www.livestrong.com,920116,2017-05-16
www.livestrong.com,3541128,2017-05-17
www.livestrong.com,3923207,2017-05-18
www.livestrong.com,5452322,2017-05-19
www.livestrong.com,6428519,2017-05-20
www.livestrong.com,7270314,2017-05-21
www.livestrong.com,7431924,2017-05-22
www.livestrong.com,7543560,2017-05-23
www.livestrong.com,7841872,2017-05-24
www.livestrong.com,8338257,2017-05-25
www.livestrong.com,7398265,2017-05-26
www.livestrong.com,7417678,2017-05-27
www.livestrong.com,9130984,2017-05-28
www.livestrong.com,8684426,2017-05-29
www.livestrong.com,4066113,2017-05-30
www.livestrong.com,1274446,2017-05-31
www.maxpreps.com,103,2017-05-03
www.maxpreps.com,995439,2017-05-04
www.maxpreps.com,382367,2017-05-05
www.maxpreps.com,3268418,2017-05-06
www.maxpreps.com,2387845,2017-05-07
www.maxpreps.com,248954,2017-05-08
www.maxpreps.com,3232184,2017-05-09
www.maxpreps.com,2265192,2017-05-10
www.maxpreps.com,2183,2017-05-11
www.maxpreps.com,315492,2017-05-12
www.maxpreps.com,3100982,2017-05-13
www.maxpreps.com,1897334,2017-05-14
www.maxpreps.com,1718238,2017-05-15
www.maxpreps.com,2118215,2017-05-16
www.maxpreps.com,2059182,2017-05-17
www.maxpreps.com,3785432,2017-05-18
www.maxpreps.com,4263433,2017-05-19
www.maxpreps.com,3988395,2017-05-20
www.maxpreps.com,319177,2017-05-21
www.maxpreps.com,3239277,2017-05-22
www.maxpreps.com,3151291,2017-05-23
www.maxpreps.com,1164,2017-05-24
www.maxpreps.com,409617,2017-05-25
www.maxpreps.com,3676200,2017-05-26
www.maxpreps.com,4171384,2017-05-27
www.maxpreps.com,2851277,2017-05-28
www.maxpreps.com,2603969,2017-05-29
www.maxpreps.com,2552639,2017-05-30
www.maxpreps.com,559,2017-05-31
www.metrolyrics.com,728198,2017-04-30
www.metrolyrics.com,1683641,2017-05-01
www.metrolyrics.com,1626445,2017-05-02
www.metrolyrics.com,2123423,2017-05-03
www.metrolyrics.com,2214463,2017-05-04
www.metrolyrics.com,2397035,2017-05-05
www.metrolyrics.com,2451215,2017-05-06
www.metrolyrics.com,2276829,2017-05-07
www.metrolyrics.com,2017060,2017-05-08
www.metrolyrics.com,2102876,2017-05-09
www.metrolyrics.com,2091012,2017-05-10
www.metrolyrics.com,2183010,2017-05-11
www.metrolyrics.com,2281051,2017-05-12
www.metrolyrics.com,2431214,2017-05-13
www.metrolyrics.com,2346156,2017-05-14
www.metrolyrics.com,1714644,2017-05-15
www.metrolyrics.com,2028794,2017-05-16
www.metrolyrics.com,2215609,2017-05-17
www.metrolyrics.com,2431995,2017-05-18
www.metrolyrics.com,2385641,2017-05-19
www.metrolyrics.com,2623193,2017-05-20
www.metrolyrics.com,2618240,2017-05-21
www.metrolyrics.com,2347813,2017-05-22
www.metrolyrics.com,2420261,2017-05-23
www.metrolyrics.com,2447913,2017-05-24
www.metrolyrics.com,2630837,2017-05-25
www.metrolyrics.com,2619797,2017-05-26
www.metrolyrics.com,2674139,2017-05-27
www.metrolyrics.com,2791066,2017-05-28
www.metrolyrics.com,2677304,2017-05-29
www.metrolyrics.com,2352890,2017-05-30
www.metrolyrics.com,1270898,2017-05-31
www.msnbc.com,199292,2017-04-30
www.msnbc.com,1708044,2017-05-01
www.msnbc.com,2190642,2017-05-02
www.msnbc.com,2730729,2017-05-03
www.msnbc.com,3089406,2017-05-04
www.msnbc.com,2342863,2017-05-05
www.msnbc.com,1308402,2017-05-06
www.msnbc.com,1065056,2017-05-07
www.msnbc.com,1111073,2017-05-08
www.msnbc.com,3063080,2017-05-09
www.msnbc.com,5793660,2017-05-10
www.msnbc.com,4056319,2017-05-11
www.msnbc.com,3093580,2017-05-12
www.msnbc.com,1980771,2017-05-13
www.msnbc.com,1360772,2017-05-14
www.msnbc.com,3466913,2017-05-15
www.msnbc.com,2939019,2017-05-16
www.msnbc.com,2816009,2017-05-17
www.msnbc.com,2436149,2017-05-18
www.msnbc.com,3072708,2017-05-19
www.msnbc.com,1597720,2017-05-20
www.msnbc.com,1272443,2017-05-21
www.msnbc.com,1664175,2017-05-22
www.msnbc.com,2218907,2017-05-23
www.msnbc.com,2334399,2017-05-24
www.msnbc.com,3112934,2017-05-25
www.msnbc.com,1773586,2017-05-26
www.msnbc.com,1443564,2017-05-27
www.msnbc.com,1302660,2017-05-28
www.msnbc.com,986010,2017-05-29
www.msnbc.com,2885375,2017-05-30
www.msnbc.com,1679363,2017-05-31
www.nbcnews.com,2767114,2017-04-30
www.nbcnews.com,11369484,2017-05-01
www.nbcnews.com,12016550,2017-05-02
www.nbcnews.com,15133478,2017-05-03
www.nbcnews.com,18824474,2017-05-04
www.nbcnews.com,19190458,2017-05-05
www.nbcnews.com,13778721,2017-05-06
www.nbcnews.com,14796603,2017-05-07
www.nbcnews.com,15916375,2017-05-08
www.nbcnews.com,17661717,2017-05-09
www.nbcnews.com,17595621,2017-05-10
www.nbcnews.com,21116509,2017-05-11
www.nbcnews.com,17628402,2017-05-12
www.nbcnews.com,14482409,2017-05-13
www.nbcnews.com,11271565,2017-05-14
www.nbcnews.com,15921301,2017-05-15
www.nbcnews.com,15477801,2017-05-16
www.nbcnews.com,15956175,2017-05-17
www.nbcnews.com,18965056,2017-05-18
www.nbcnews.com,16364072,2017-05-19
www.nbcnews.com,13157263,2017-05-20
www.nbcnews.com,13426322,2017-05-21
www.nbcnews.com,11380520,2017-05-22
www.nbcnews.com,7898114,2017-05-23
www.nbcnews.com,13068179,2017-05-24
www.nbcnews.com,17667959,2017-05-25
www.nbcnews.com,12790792,2017-05-26
www.nbcnews.com,9383862,2017-05-27
www.nbcnews.com,9629055,2017-05-28
www.nbcnews.com,10938940,2017-05-29
www.nbcnews.com,11138809,2017-05-30
www.nbcnews.com,9082040,2017-05-31
www.scarymommy.com,1893591,2017-04-30
www.scarymommy.com,1725811,2017-05-01
www.scarymommy.com,1920338,2017-05-02
www.scarymommy.com,2178643,2017-05-03
www.scarymommy.com,2179196,2017-05-04
www.scarymommy.com,2185994,2017-05-05
www.scarymommy.com,2196740,2017-05-06
www.scarymommy.com,2172143,2017-05-07
www.scarymommy.com,2103396,2017-05-08
www.scarymommy.com,2188129,2017-05-09
www.scarymommy.com,2155058,2017-05-10
www.scarymommy.com,2159717,2017-05-11
www.scarymommy.com,2117142,2017-05-12
www.scarymommy.com,2129261,2017-05-13
www.scarymommy.com,1787386,2017-05-14
www.scarymommy.com,1997395,2017-05-15
www.scarymommy.com,1955770,2017-05-16
www.scarymommy.com,2107979,2017-05-17
www.scarymommy.com,1993196,2017-05-18
www.scarymommy.com,1998370,2017-05-19
www.scarymommy.com,2061312,2017-05-20
www.scarymommy.com,2017731,2017-05-21
www.scarymommy.com,1970143,2017-05-22
www.scarymommy.com,2036394,2017-05-23
www.scarymommy.com,2128931,2017-05-24
www.scarymommy.com,1910706,2017-05-25
www.scarymommy.com,1827676,2017-05-26
www.scarymommy.com,1961517,2017-05-27
www.scarymommy.com,1955325,2017-05-28
www.scarymommy.com,2015875,2017-05-29
www.scarymommy.com,1943009,2017-05-30
www.scarymommy.com,559,2017-05-31
www.si.com,2134633,2017-04-30
www.si.com,5431831,2017-05-01
www.si.com,2875836,2017-05-02
www.si.com,4213367,2017-05-03
www.si.com,3232161,2017-05-04
www.si.com,4250247,2017-05-05
www.si.com,2673201,2017-05-06
www.si.com,3127773,2017-05-07
www.si.com,3408365,2017-05-08
www.si.com,2168789,2017-05-09
www.si.com,4631842,2017-05-10
www.si.com,5016534,2017-05-11
www.si.com,2153664,2017-05-12
www.si.com,713659,2017-05-13
www.si.com,1588815,2017-05-14
www.si.com,2637271,2017-05-15
www.si.com,3043464,2017-05-16
www.si.com,2943134,2017-05-17
www.si.com,505491,2017-05-18
www.si.com,1841376,2017-05-19
www.si.com,2073143,2017-05-20
www.si.com,1581922,2017-05-21
www.si.com,4389414,2017-05-22
www.si.com,2740240,2017-05-23
www.si.com,1629690,2017-05-24
www.si.com,1374106,2017-05-25
www.si.com,542876,2017-05-26
www.si.com,81498,2017-05-27
www.si.com,1241306,2017-05-28
www.si.com,3981070,2017-05-29
www.si.com,1075337,2017-05-30
www.si.com,607005,2017-05-31
www.telemundo.com,807943,2017-04-30
www.telemundo.com,3011102,2017-05-01
www.telemundo.com,4047153,2017-05-02
www.telemundo.com,10407532,2017-05-03
www.telemundo.com,11190057,2017-05-04
www.telemundo.com,10262019,2017-05-05
www.telemundo.com,5281108,2017-05-06
www.telemundo.com,3563961,2017-05-07
www.telemundo.com,6429847,2017-05-08
www.telemundo.com,3707263,2017-05-09
www.telemundo.com,3317279,2017-05-10
www.telemundo.com,4094055,2017-05-11
www.telemundo.com,3800210,2017-05-12
www.telemundo.com,2244847,2017-05-13
www.telemundo.com,1707677,2017-05-14
www.telemundo.com,4229454,2017-05-15
www.telemundo.com,7743887,2017-05-16
www.telemundo.com,7368878,2017-05-17
www.telemundo.com,4263575,2017-05-18
www.telemundo.com,3459945,2017-05-19
www.telemundo.com,2369853,2017-05-20
www.telemundo.com,1737532,2017-05-21
www.telemundo.com,5192596,2017-05-22
www.telemundo.com,5142837,2017-05-23
www.telemundo.com,2982372,2017-05-24
www.telemundo.com,3915180,2017-05-25
www.telemundo.com,4296555,2017-05-26
www.telemundo.com,2538919,2017-05-27
www.telemundo.com,2241954,2017-05-28
www.telemundo.com,5331923,2017-05-29
www.telemundo.com,4951043,2017-05-30
www.telemundo.com,3315382,2017-05-31
www.thedailybeast.com,957385,2017-04-30
www.thedailybeast.com,2974350,2017-05-01
www.thedailybeast.com,1742634,2017-05-02
www.thedailybeast.com,3212876,2017-05-03
www.thedailybeast.com,6690706,2017-05-04
www.thedailybeast.com,8375040,2017-05-05
www.thedailybeast.com,8214297,2017-05-06
www.thedailybeast.com,7528506,2017-05-07
www.thedailybeast.com,8097676,2017-05-08
www.thedailybeast.com,10710491,2017-05-09
www.thedailybeast.com,16815863,2017-05-10
www.thedailybeast.com,14293726,2017-05-11
www.thedailybeast.com,13625822,2017-05-12
www.thedailybeast.com,13035441,2017-05-13
www.thedailybeast.com,9282559,2017-05-14
www.thedailybeast.com,12791328,2017-05-15
www.thedailybeast.com,14509533,2017-05-16
www.thedailybeast.com,14669770,2017-05-17
www.thedailybeast.com,12238419,2017-05-18
www.thedailybeast.com,13116200,2017-05-19
www.thedailybeast.com,11888685,2017-05-20
www.thedailybeast.com,13550019,2017-05-21
www.thedailybeast.com,15845529,2017-05-22
www.thedailybeast.com,11808572,2017-05-23
www.thedailybeast.com,12226568,2017-05-24
www.thedailybeast.com,11469107,2017-05-25
www.thedailybeast.com,8768249,2017-05-26
www.thedailybeast.com,7921216,2017-05-27
www.thedailybeast.com,9220876,2017-05-28
www.thedailybeast.com,12537609,2017-05-29
www.thedailybeast.com,7205830,2017-05-30
www.thedailybeast.com,6527851,2017-05-31
www.today.com,1421058,2017-04-30
www.today.com,7865592,2017-05-01
www.today.com,8331785,2017-05-02
www.today.com,12457211,2017-05-03
www.today.com,10893490,2017-05-04
www.today.com,13530597,2017-05-05
www.today.com,8396235,2017-05-06
www.today.com,5763460,2017-05-07
www.today.com,7491297,2017-05-08
www.today.com,10967805,2017-05-09
www.today.com,11147634,2017-05-10
www.today.com,8595279,2017-05-11
www.today.com,12603627,2017-05-12
www.today.com,5373071,2017-05-13
www.today.com,2425847,2017-05-14
www.today.com,9801364,2017-05-15
www.today.com,10177512,2017-05-16
www.today.com,7548753,2017-05-17
www.today.com,21930960,2017-05-18
www.today.com,11949396,2017-05-19
www.today.com,16636231,2017-05-20
www.today.com,6692791,2017-05-21
www.today.com,7232932,2017-05-22
www.today.com,7961619,2017-05-23
www.today.com,8778924,2017-05-24
www.today.com,9498363,2017-05-25
www.today.com,7222622,2017-05-26
www.today.com,5362902,2017-05-27
www.today.com,6394971,2017-05-28
www.today.com,6582454,2017-05-29
www.today.com,8667754,2017-05-30
www.today.com,6560624,2017-05-31
www.totalprosports.com,3942868,2017-04-30
www.totalprosports.com,10470671,2017-05-01
www.totalprosports.com,9668120,2017-05-02
www.totalprosports.com,11447892,2017-05-03
www.totalprosports.com,16282076,2017-05-04
www.totalprosports.com,12702273,2017-05-05
www.totalprosports.com,12341269,2017-05-06
www.totalprosports.com,10407996,2017-05-07
www.totalprosports.com,2800947,2017-05-08
www.totalprosports.com,7246287,2017-05-09
www.totalprosports.com,8893647,2017-05-10
www.totalprosports.com,8439714,2017-05-11
www.totalprosports.com,8969995,2017-05-12
www.totalprosports.com,13561344,2017-05-13
www.totalprosports.com,10979895,2017-05-14
www.totalprosports.com,14478032,2017-05-15
www.totalprosports.com,12204124,2017-05-16
www.totalprosports.com,14987928,2017-05-17
www.totalprosports.com,4715236,2017-05-18
www.totalprosports.com,5528617,2017-05-19
www.totalprosports.com,8049780,2017-05-20
www.totalprosports.com,7757579,2017-05-21
www.totalprosports.com,6261195,2017-05-22
www.totalprosports.com,1049629,2017-05-23
www.totalprosports.com,1784571,2017-05-24
www.totalprosports.com,7309603,2017-05-25
www.totalprosports.com,2909018,2017-05-26
www.totalprosports.com,2807884,2017-05-27
www.totalprosports.com,6204984,2017-05-28
www.totalprosports.com,7984708,2017-05-29
www.totalprosports.com,6015252,2017-05-30
www.totalprosports.com,5640822,2017-05-31
www.tvguide.com,659447,2017-04-30
www.tvguide.com,1151626,2017-05-01
www.tvguide.com,1217315,2017-05-02
www.tvguide.com,1368681,2017-05-03
www.tvguide.com,1385869,2017-05-04
www.tvguide.com,1470195,2017-05-05
www.tvguide.com,1720395,2017-05-06
www.tvguide.com,1624424,2017-05-07
www.tvguide.com,1263866,2017-05-08
www.tvguide.com,1466064,2017-05-09
www.tvguide.com,2066782,2017-05-10
www.tvguide.com,2435515,2017-05-11
www.tvguide.com,2258392,2017-05-12
www.tvguide.com,2482897,2017-05-13
www.tvguide.com,2704226,2017-05-14
www.tvguide.com,2980986,2017-05-15
www.tvguide.com,2957608,2017-05-16
www.tvguide.com,2369616,2017-05-17
www.tvguide.com,2212198,2017-05-18
www.tvguide.com,2295308,2017-05-19
www.tvguide.com,2714279,2017-05-20
www.tvguide.com,2928639,2017-05-21
www.tvguide.com,3127095,2017-05-22
www.tvguide.com,3554570,2017-05-23
www.tvguide.com,3204235,2017-05-24
www.tvguide.com,3190823,2017-05-25
www.tvguide.com,2737194,2017-05-26
www.tvguide.com,2645973,2017-05-27
www.tvguide.com,3061602,2017-05-28
www.tvguide.com,3710408,2017-05-29
www.tvguide.com,3148314,2017-05-30
www.tvguide.com,1919643,2017-05-31
www.usatoday.com,332199,2017-04-30
www.usatoday.com,1716088,2017-05-01
www.usatoday.com,2430893,2017-05-02
www.usatoday.com,3412842,2017-05-03
www.usatoday.com,2380256,2017-05-04
www.usatoday.com,2358798,2017-05-05
www.usatoday.com,2367003,2017-05-06
www.usatoday.com,2527834,2017-05-07
www.usatoday.com,2299218,2017-05-08
www.usatoday.com,3102436,2017-05-09
www.usatoday.com,3517808,2017-05-10
www.usatoday.com,3126960,2017-05-11
www.usatoday.com,1879199,2017-05-12
www.usatoday.com,944876,2017-05-13
www.usatoday.com,1127839,2017-05-14
www.usatoday.com,1703259,2017-05-15
www.usatoday.com,2762923,2017-05-16
www.usatoday.com,2698369,2017-05-17
www.usatoday.com,1722671,2017-05-18
www.usatoday.com,2478934,2017-05-19
www.usatoday.com,3743985,2017-05-20
www.usatoday.com,2303789,2017-05-21
www.usatoday.com,3206005,2017-05-22
www.usatoday.com,3500616,2017-05-23
www.usatoday.com,2100091,2017-05-24
www.usatoday.com,397260,2017-05-25
www.usatoday.com,2827749,2017-05-26
www.usatoday.com,1918786,2017-05-27
www.usatoday.com,1971543,2017-05-28
www.usatoday.com,3036345,2017-05-29
www.usatoday.com,3150080,2017-05-30
www.usatoday.com,1646325,2017-05-31
www.vladtv.com,577772,2017-04-30
www.vladtv.com,2303690,2017-05-01
www.vladtv.com,2312100,2017-05-02
www.vladtv.com,3858147,2017-05-03
www.vladtv.com,4533622,2017-05-04
www.vladtv.com,3693761,2017-05-05
www.vladtv.com,3134781,2017-05-06
www.vladtv.com,3144897,2017-05-07
www.vladtv.com,3713904,2017-05-08
www.vladtv.com,3863845,2017-05-09
www.vladtv.com,4300675,2017-05-10
www.vladtv.com,3669120,2017-05-11
www.vladtv.com,5214710,2017-05-12
www.vladtv.com,2093087,2017-05-13
www.vladtv.com,3336912,2017-05-14
www.vladtv.com,3158740,2017-05-15
www.vladtv.com,3672940,2017-05-16
www.vladtv.com,1569058,2017-05-17
www.vladtv.com,206,2017-05-18
www.vladtv.com,6,2017-05-22
www.vladtv.com,1,2017-05-23
www.vladtv.com,30,2017-05-26
www.vladtv.com,106,2017-05-27
www.vladtv.com,97,2017-05-28
www.womansworld.com,3605503,2017-04-30
www.womansworld.com,4203330,2017-05-01
www.womansworld.com,3731041,2017-05-02
www.womansworld.com,8001552,2017-05-03
www.womansworld.com,8636731,2017-05-04
www.womansworld.com,19911058,2017-05-05
www.womansworld.com,18631204,2017-05-06
www.womansworld.com,15839526,2017-05-07
www.womansworld.com,9802986,2017-05-08
www.womansworld.com,10458324,2017-05-09
www.womansworld.com,12719502,2017-05-10
www.womansworld.com,12761300,2017-05-11
www.womansworld.com,11481915,2017-05-12
www.womansworld.com,13778799,2017-05-13
www.womansworld.com,12379779,2017-05-14
www.womansworld.com,11370786,2017-05-15
www.womansworld.com,11910078,2017-05-16
www.womansworld.com,11721400,2017-05-17
www.womansworld.com,9956879,2017-05-18
www.womansworld.com,8917620,2017-05-19
www.womansworld.com,13204472,2017-05-20
www.womansworld.com,11379708,2017-05-21
www.womansworld.com,9671581,2017-05-22
www.womansworld.com,6176259,2017-05-23
www.womansworld.com,5883373,2017-05-24
www.womansworld.com,4528790,2017-05-25
www.womansworld.com,3457095,2017-05-26
www.womansworld.com,4132126,2017-05-27
www.womansworld.com,5075882,2017-05-28
www.womansworld.com,5480139,2017-05-29
www.womansworld.com,2731905,2017-05-30
www.womansworld.com,1277590,2017-05-31
www.xxlmag.com,790509,2017-04-30
www.xxlmag.com,155649,2017-05-01
www.xxlmag.com,1276161,2017-05-02
www.xxlmag.com,3419114,2017-05-03
www.xxlmag.com,4991841,2017-05-04
www.xxlmag.com,3851355,2017-05-05
www.xxlmag.com,2676716,2017-05-06
www.xxlmag.com,2897345,2017-05-07
www.xxlmag.com,3564492,2017-05-08
www.xxlmag.com,3584026,2017-05-09
www.xxlmag.com,4872763,2017-05-10
www.xxlmag.com,4046413,2017-05-11
www.xxlmag.com,3019957,2017-05-12
www.xxlmag.com,3307999,2017-05-13
www.xxlmag.com,2636286,2017-05-14
www.xxlmag.com,3866931,2017-05-15
www.xxlmag.com,6697444,2017-05-16
www.xxlmag.com,4934629,2017-05-17
www.xxlmag.com,3890746,2017-05-18
www.xxlmag.com,2775218,2017-05-19
www.xxlmag.com,2509870,2017-05-20
www.xxlmag.com,2478807,2017-05-21
www.xxlmag.com,4133101,2017-05-22
www.xxlmag.com,6219974,2017-05-23
www.xxlmag.com,3704513,2017-05-24
www.xxlmag.com,1743939,2017-05-25
www.xxlmag.com,1462621,2017-05-26
www.xxlmag.com,2846218,2017-05-27
www.xxlmag.com,3564511,2017-05-28
www.xxlmag.com,2638186,2017-05-29
www.xxlmag.com,2810359,2017-05-30
www.xxlmag.com,985677,2017-05-31